epoch	time	lr	loss	val_loss
1	200.29622315199998	0.001	6.579592345512077	5.259720762980353
2	197.45192349599995	0.001	5.561490491644977	4.781554116416223
